score_ 1,score_ 2,score_ 3,score_ 4,score_ 5,score_ 6,score_ 7,score_ 8,score_ 9,score_10,score_11,score_12,score_13,score_14,score_15,score_16,score_17,score_18,score_19,score_20,score_21,score_22,score_23,score_24,score_25,score_26,score_27,score_28,score_29,score_30,score_31,score_32,score_33,score_34,score_35,score_36,score_37,score_38,score_39,score_40,score_41,score_42,score_43,score_44,score_45,score_46,score_47,score_48,score_49,score_50,score_51,score_52,score_53,score_54,score_55,score_56,score_57,score_58,score_59,score_60,score_61,score_62,score_63,score_64,score_65,score_66,score_67,score_68,score_69,peak_val,peak_clab,peak_time,ival_1,ival_2
-0,-0,-0,-0,-0,-0,-0,-0,-0,-0,-0,-0,-0,-0,-0,-0,-0,-0,-0,-0,-0,-0,-0,-0,-0,-0,-0,-0,-0,-0,-0,-0,-0,-0,-0,-0,-0,-0,-0,-0,-0,-0,-0,19.2388209656975,11.284063907037,25.0200832570846,18.906105252581,35.9741506719817,58.4733092983164,53.1825735603654,52.0274507070538,57.1253636098678,52.53720506516,20.9293279308736,46.7940266700806,81.9870538881911,59.9113782951859,21.4593541303878,19.5110279600999,-0,-0,-0,-0,-0,-0,-0,-0,-0,-0,57.1253636098678,Cz,36.0727272727273,33.6855614973262,36.868449197861
