score_ 1,score_ 2,score_ 3,score_ 4,score_ 5,score_ 6,score_ 7,score_ 8,score_ 9,score_10,score_11,score_12,score_13,score_14,score_15,score_16,score_17,score_18,score_19,score_20,score_21,score_22,score_23,score_24,score_25,score_26,score_27,score_28,score_29,score_30,score_31,score_32,score_33,score_34,score_35,score_36,score_37,score_38,score_39,score_40,score_41,score_42,score_43,score_44,score_45,score_46,score_47,score_48,score_49,score_50,score_51,score_52,score_53,score_54,score_55,score_56,score_57,score_58,score_59,score_60,score_61,score_62,score_63,score_64,score_65,score_66,score_67,score_68,score_69,peak_val,peak_clab,peak_time,ival_1,ival_2
-0,-0,-0,-0,-0,-0,-0,-0,-0,-0,-0,-0,-0,-0,-0,-0,-0,-0,-0,-0,-0,-0,-0,-0,-0,-0,-0,-0,-0,-0,-0,-0,-0,-0,-0,-0,-0,-0,-0,-0,-0,-0,-0,42.8162199377479,47.1630013661734,10.9978956897346,-0,-0,-0,-0,-0,25.7192448116569,74.0312720853223,51.2387359402794,60.4005040196493,45.3476125489566,18.8852423561087,52.7844190107401,76.9234290906861,21.2226072246886,-0,26.0551011301583,42.6511434135318,-0,-0,-0,-0,-0,-0,74.0312720853223,C1,36.868449197861,36.868449197861,38.4598930481283
