score_ 1,score_ 2,score_ 3,score_ 4,score_ 5,score_ 6,score_ 7,score_ 8,score_ 9,score_10,score_11,score_12,score_13,score_14,score_15,score_16,score_17,score_18,score_19,score_20,score_21,score_22,score_23,score_24,score_25,score_26,score_27,score_28,score_29,score_30,score_31,score_32,score_33,score_34,score_35,score_36,score_37,score_38,score_39,score_40,score_41,score_42,score_43,score_44,score_45,score_46,score_47,score_48,score_49,score_50,score_51,score_52,score_53,score_54,score_55,score_56,score_57,score_58,score_59,score_60,score_61,score_62,score_63,score_64,score_65,score_66,score_67,score_68,score_69,peak_val,peak_clab,peak_time,ival_1,ival_2
-0,-0,-0,-0,-0,-0,-0,-0,-0,-0,-0,-0,-0,-0,-0,-0,-0,-0,-0,-0,-0,-0,-0,-0,-0,-0,-0,-0,-0,-0,-0,-0,-0,-0,-0,-0,-0,-0,-0,-0,-0,-0,-0,28.4706576776521,19.863377812679,41.060311419085,40.5615005743792,33.5910090649829,30.3493880372818,13.1651538423444,19.0728974975452,43.1770371505288,44.2350521464195,20.4344267096174,30.6417871008405,28.8866619512082,54.6484620190629,52.7290328804563,47.699728663174,24.5237498679038,19.5141487818318,16.8405955278492,19.6878801927947,-0,-0,-0,-0,-0,-0,44.2350521464195,C1,36.868449197861,36.0727272727273,36.868449197861
